<bean id="dataSource" class="com.alibaba.druid.pool.DruidDataSource" init-method="init" destroy-method="close">
		<property name="driverClassName" value="${datasource.driverClassName}"/>
		<property name="url" value="${datasource.url}"/>
		<property name="username" value="${datasource.username}"/>
		<property name="password" value="${datasource.password}"/>
		
		<!-- 初始化时获取的连接数，取值应在minPoolSize与maxPoolSize之间。Default: 3 -->
		<property name="initialSize" value="${datasource.initialPoolSize}"/>
		<!-- 连接池中保留的最小连接数 -->
		<property name="minIdle" value="${datasource.minPoolSize}"/>
		<!-- 连接池中保留的最大连接数。Default: 15 -->
		<property name="maxActive" value="${datasource.maxPoolSize}"/>
		
		<!-- 配置获取连接等待超时的时间，单位是毫秒,60S -->
		<property name="maxWait" value="${datasource.maxWait}"/>
		<!-- 配置间隔多久才进行一次检测，检测需要关闭的空闲连接，单位是毫秒,60S -->
		<property name="timeBetweenEvictionRunsMillis" value="${datasource.timeBetweenEvictionRunsMillis}"/>
		<!-- 配置一个连接在池中最小生存的时间，单位是毫秒  300S -->
		<property name="minEvictableIdleTimeMillis" value="${datasource.minEvictableIdleTimeMillis}" />
		<property name="validationQuery" value="${datasource.preferredTestQuery}"/>
		<property name="testWhileIdle" value="true"/>
		<property name="testOnBorrow" value="false"/>
		<property name="testOnReturn" value="false"/>
				
		<!-- 打开PSCache，并且指定每个连接上PSCache的大小 -->
		<!-- 如果用Oracle，则把poolPreparedStatements配置为true，mysql可以配置为false。分库分表较多的数据库，建议配置为false。 -->
		<property name="poolPreparedStatements" value="true" />
		<property name="maxPoolPreparedStatementPerConnectionSize" value="100" />
		
		<!-- 配置监控统计拦截的filters，去掉后监控界面sql无法统计 -->
		<property name="filters" value="stat" />
	</bean>