<?xml version="1.0" encoding="UTF-8" ?>
<!DOCTYPE log4j:configuration SYSTEM "log4j.dtd">

<log4j:configuration xmlns:log4j='http://jakarta.apache.org/log4j/'>

	<appender name="console" class="org.apache.log4j.ConsoleAppender">
		<layout class="org.apache.log4j.PatternLayout">
			<param name="ConversionPattern" value="%-d{yyyy-MM-dd HH:mm:ss} [%p] [%c{1}] [%t] %30.30C.%M():%L - %m%n" />
		</layout>
	</appender>

	<appender name="com-template-service" class="org.apache.log4j.DailyRollingFileAppender">
		<param name="DatePattern" value="'.'yyyy-MM-dd" />
		<param name="file" value="2MB" />
		<param name="maxBackupIndex" value="./logs/com-template-service.log" />
		<layout class="org.apache.log4j.PatternLayout">
			<param name="ConversionPattern" value="%-d{yyyy-MM-dd HH:mm:ss.SSS} [%p] [%c{1}] [%t] %30.30C.%M():%L - %m%n" />
		</layout>
	</appender>
	
	<logger name="com.mybatis" additivity="true" >
		<level value="DEBUG"/>
	</logger>
	
	<logger name="java.sql.Connection" additivity="true" >
		<level value="DEBUG"/>
	</logger>
	
	<logger name="java.sql.Statement" additivity="true" >
		<level value="DEBUG"/>
	</logger>
	
	<logger name="java.sql.PrepareStatement" additivity="true" >
		<level value="DEBUG"/>
	</logger>
	
	<logger name="java.sql.ResultSet" additivity="true" >
		<level value="DEBUG"/>
	</logger>

	<root>
		<priority value="debug" />
		<appender-ref ref="console" />
		<appender-ref ref="com-template-service" />
	</root>
</log4j:configuration>
