<?xml version="1.0" encoding="UTF-8"?>
<!DOCTYPE configuration PUBLIC "-//mybatis.org//DTD Config 3.0//EN" "http://mybatis.org/dtd/mybatis-3-config.dtd">

<configuration>
    <settings>
        <!-- 使全局的映射器启用缓存 开/关设置 true|false true -->
        <setting name="cacheEnabled" value="true"/>
        <!-- 全局性设置懒加载。如果设为‘关',则所有相关联的都会被初始化加载。true | false  true   -->
        <setting name="lazyLoadingEnabled" value="true"/>
        <!-- 当设置为‘开’的时候，懒加载的对象可能被任何懒属性全部加载。否则，每个属性都按需加载。true | false  true   -->
        <setting name="aggressiveLazyLoading" value="true"/>
        <!-- 允许和不允许单条语句返回多个数据集（取决于驱动需求）true | false  true   -->
        <setting name="multipleResultSetsEnabled" value="true"/>
        <!-- 使用列标签代替列名称。不用的驱动器有不同的作法。 true | false  true  -->
        <setting name="useColumnLabel" value="true"/>
        <!-- 允许JDBC生成主键。需要驱动器支持.如果设为了true，这个设置将强制使用被生成的主键，有一些驱动器不兼容不过仍然可以执行。 true | false  false  -->
        <setting name="useGeneratedKeys" value="false"/>
        <!-- 指定MyBatis是否并且如何来自动映射数据表字段与对象的属性。PARTIAL将只自动映射简单的，NONE没有嵌套的结果。FULL将自动映射所有复杂的结果。  NONE, PARTIAL, FULL  PARTIAL  -->
        <setting name="autoMappingBehavior" value="PARTIAL"/>
        <!-- 配置和设定执行器，SIMPLE执行器执行其它语句。REUSE执行器可能重复使用preparedstatements语句，BATCH执行器可以重复执行语句和批量更新。 SIMPLE REUSE BATCH  SIMPLE  -->
        <setting name="defaultExecutorType" value="REUSE"/>
        <!-- 设置一个时限，以决定让驱动器等待数据库回应的多长时间为超时. 正整数 -->
        <setting name="defaultStatementTimeout" value="25000"/>
    </settings>

</configuration>