<?xml version="1.0" encoding="UTF-8"?>
<!-- 整个配置文件的根节点，声明常用的命名空间定义，下面包含一个或多个bean元素 -->
<beans xmlns="http://www.springframework.org/schema/beans"
	xmlns:xsi="http://www.w3.org/2001/XMLSchema-instance"
	xmlns:aop="http://www.springframework.org/schema/aop"
	xmlns:context="http://www.springframework.org/schema/context"
	xmlns:mvc="http://www.springframework.org/schema/mvc"
	xsi:schemaLocation="http://www.springframework.org/schema/beans http://www.springframework.org/schema/beans/spring-beans.xsd
			http://www.springframework.org/schema/aop http://www.springframework.org/schema/aop/spring-aop.xsd
			http://www.springframework.org/schema/mvc http://www.springframework.org/schema/mvc/spring-mvc.xsd
			http://www.springframework.org/schema/context http://www.springframework.org/schema/context/spring-context.xsd">
			
	<context:component-scan base-package="com.sf.tarsier.mvc" />

	<!-- 用于使用@ResponseBody后返回中文避免乱码,必须在context:component-scan之前 -->
	<mvc:annotation-driven>
		<mvc:message-converters register-defaults="true">
			<bean class="org.springframework.http.converter.StringHttpMessageConverter">
				<property name="writeAcceptCharset" value="false"/>
				<!-- 用于避免响应头过大 -->
				<property name="supportedMediaTypes" value="text/html;charset=UTF-8"/>
			</bean>
			<bean class="org.springframework.http.converter.json.MappingJackson2HttpMessageConverter"/>
		</mvc:message-converters>
	</mvc:annotation-driven>
	
	<!-- 注解探测器,对所有类(Controller)进行扫描，以完成Bean创建和自动依赖注入的功能 -->
	<context:component-scan base-package="com.sf.tarsier.mvc">
		<context:exclude-filter type="annotation" expression="org.springframework.stereotype.Service" />
	</context:component-scan>
	
</beans>